,log_ret_1d,vol_30d,pm_election_prob_chg_1d,pm_fed_prob_chg_1d,pm_crypto_prob_chg_1d,TxCnt,HashRate,AdrActCnt
log_ret_1d,1.0,0.011010555968466684,,,,-0.02054436475793132,-0.021265075149295345,-0.026061327466557226
vol_30d,0.011010555968466684,1.0,,,,-0.3976701068862708,-0.30721194746424657,-0.3361446736669952
pm_election_prob_chg_1d,,,,,,,,
pm_fed_prob_chg_1d,,,,,,,,
pm_crypto_prob_chg_1d,,,,,,,,
TxCnt,-0.02054436475793132,-0.3976701068862708,,,,1.0,0.7106282716627907,0.820122866446492
HashRate,-0.021265075149295345,-0.30721194746424657,,,,0.7106282716627907,1.0,0.4642153441221781
AdrActCnt,-0.026061327466557226,-0.3361446736669952,,,,0.820122866446492,0.4642153441221781,1.0
